<?xml version="1.0" encoding="UTF-8"?>
<beans xmlns="http://www.springframework.org/schema/beans"
    xmlns:xsi="http://www.w3.org/2001/XMLSchema-instance"
    xmlns:util="http://www.springframework.org/schema/util" xsi:schemaLocation="
        http://www.springframework.org/schema/beans http://www.springframework.org/schema/beans/spring-beans.xsd
        http://www.springframework.org/schema/util http://www.springframework.org/schema/util/spring-util.xsd"> <!-- bean definitions here -->


<bean id="laptop" class="practicalsession.Laptop">
<property name="id" value="1"></property>
<property name="name" value="dell"></property></bean>

<bean id="person" class="practicalsession.Person">
<constructor-arg name="pid" value="99"></constructor-arg>
<constructor-arg name="name" value="spring"></constructor-arg></bean>
 

</beans>